Domain Name,Price,Category,TLD,Length,URL
10000.bot,3750,bot,bot,5,https://10000.bot
10002.xrp,3750,xrp,xrp,5,https://10002.xrp
10k.bot,3750,bot,bot,3,https://10k.bot
18.bot,3750,bot,bot,2,https://18.bot
1800.bot,3750,bot,bot,4,https://1800.bot
2FA.ad,3750,ad,ad,3,https://2FA.ad
2FA.brave,500,brave,brave,3,https://2FA.brave
Abstain.ai,29888,ai,ai,7,https://Abstain.ai
Adblock.tel,3750,tel,tel,7,https://Adblock.tel
Aerial.si,3750,si,si,6,https://Aerial.si
Aftermarket.agt,3750,agt,agt,11,https://Aftermarket.agt
AgentFinder.co,3750,co,co,11,https://AgentFinder.co
Agentic.xrp,3750,xrp,xrp,7,https://Agentic.xrp
AgenticBroker.x,3750,x,x,13,https://AgenticBroker.x
AgenticCode.com,3750,com,com,11,https://AgenticCode.com
AgenticDeal.com,3750,com,com,11,https://AgenticDeal.com
AgenticElection.com,3750,com,com,15,https://AgenticElection.com
AgenticGigs.com,3750,com,com,11,https://AgenticGigs.com
AgenticJob.com,3750,com,com,10,https://AgenticJob.com
AgentRent.com,3750,com,com,9,https://AgentRent.com
Agreement.agt,3750,agt,agt,9,https://Agreement.agt
AI.b2b,3750,b2b,b2b,2,https://AI.b2b
AI.performer,3750,performer,performer,2,https://AI.performer
AI.presenter,3750,presenter,presenter,2,https://AI.presenter
AI.prices,3750,prices,prices,2,https://AI.prices
AI.rust,3750,rust,rust,2,https://AI.rust
AI.universe,3750,universe,universe,2,https://AI.universe
AIBiz.dev,3750,dev,dev,5,https://AIBiz.dev
AIbudgeter.com,1100,com,com,10,https://AIbudgeter.com
AIDataEthics.org,3750,org,org,12,https://AIDataEthics.org
AIdesops.com,1100,com,com,8,https://AIdesops.com
AIdezops.com,1100,com,com,8,https://AIdezops.com
AIdiscs.com,1100,com,com,7,https://AIdiscs.com
AIfinancialaudit.com,1100,com,com,16,https://AIfinancialaudit.com
AIflowcharts.com,1100,com,com,12,https://AIflowcharts.com
AIfurlough.com,1100,com,com,10,https://AIfurlough.com
AIjunkmail.com,1100,com,com,10,https://AIjunkmail.com
AIlabeler.com,1100,com,com,9,https://AIlabeler.com
AIlabeler.info,1100,info,info,9,https://AIlabeler.info
AIlabeler.net,1100,net,net,9,https://AIlabeler.net
AIlabeler.online,1100,online,online,9,https://AIlabeler.online
AIlabeler.org,1100,org,org,9,https://AIlabeler.org
AIlabeler.pro,1100,pro,pro,9,https://AIlabeler.pro
AIlabeler.tech,1100,tech,tech,9,https://AIlabeler.tech
AIlabeler.xyz,1100,xyz,xyz,9,https://AIlabeler.xyz
AIlabelmaker.com,1100,com,com,12,https://AIlabelmaker.com
AIlayoff.com,1100,com,com,8,https://AIlayoff.com
AInotarer.com,1100,com,com,9,https://AInotarer.com
AIoutboundleads.com,1100,com,com,15,https://AIoutboundleads.com
AIoutboundsales.com,1100,com,com,15,https://AIoutboundsales.com
AIpeopleoperations.com,1100,com,com,18,https://AIpeopleoperations.com
AIpeopleops.com,1100,com,com,11,https://AIpeopleops.com
AIprorate.com,1100,com,com,9,https://AIprorate.com
AISkillsTraining.co,1100,co,co,16,https://AISkillsTraining.co
AIuidev.com,1100,com,com,7,https://AIuidev.com
AIuiengineer.com,1100,com,com,12,https://AIuiengineer.com
AIuiengineering.com,1100,com,com,15,https://AIuiengineering.com
AIuserflows.com,1100,com,com,11,https://AIuserflows.com
AIUXengineer.com,1100,com,com,12,https://AIUXengineer.com
AIUXengineering.com,1100,com,com,15,https://AIUXengineering.com
Alert.wave,1100,wave,wave,5,https://Alert.wave
Almanac.si,3750,si,si,7,https://Almanac.si
ALotOfBots.com,1100,com,com,10,https://ALotOfBots.com
Alpha.wave,1100,wave,wave,5,https://Alpha.wave
Amen.cx,777,cx,cx,4,https://Amen.cx
Announce.bot,5888,bot,bot,8,https://Announce.bot
Antarctic.xrp,3750,xrp,xrp,9,https://Antarctic.xrp
Appraisal.agt,3750,agt,agt,9,https://Appraisal.agt
Approve.xrp,3750,xrp,xrp,7,https://Approve.xrp
Arctic.xrp,3750,xrp,xrp,6,https://Arctic.xrp
Ass.bot,5888,bot,bot,3,https://Ass.bot
AtticAgent.com,1100,com,com,10,https://AtticAgent.com
Autogenerate.cv,3999,cv,cv,12,https://Autogenerate.cv
Autopost.si,3750,si,si,8,https://Autopost.si
Aviator.bot,5888,bot,bot,7,https://Aviator.bot
BacklogAgent.com,3750,com,com,12,https://BacklogAgent.com
BareAgent.com,3750,com,com,9,https://BareAgent.com
BasementAgent.com,3750,com,com,13,https://BasementAgent.com
Basket.bot,9888,bot,bot,6,https://Basket.bot
Batch.xrp,3750,xrp,xrp,5,https://Batch.xrp
Bay.bot,99888,bot,bot,3,https://Bay.bot
BCI.api,3750,api,api,3,https://BCI.api
BCI.software,3750,software,software,3,https://BCI.software
BCI.studio,3750,studio,studio,3,https://BCI.studio
BCI.xr,3750,xr,xr,3,https://BCI.xr
BCIPlatform.com,3750,com,com,11,https://BCIPlatform.com
Beast.si,3750,si,si,5,https://Beast.si
BedroomAgent.com,1100,com,com,12,https://BedroomAgent.com
Behavior.agt,3750,agt,agt,8,https://Behavior.agt
Bible.api,3750,api,api,5,https://Bible.api
Bible.guidance,3750,guidance,guidance,5,https://Bible.guidance
Bible.notes,3750,notes,notes,5,https://Bible.notes
Bible.pal,3750,pal,pal,5,https://Bible.pal
Bidding.agt,3750,agt,agt,7,https://Bidding.agt
Binge.tel,1100,tel,tel,5,https://Binge.tel
BizDevelopmentAI.com,3750,com,com,16,https://BizDevelopmentAI.com
Blacktop.bot,3750,bot,bot,8,https://Blacktop.bot
Border.bot,64888,bot,bot,6,https://Border.bot
Border.xrp,3750,xrp,xrp,6,https://Border.xrp
Bot.api,3750,api,api,3,https://Bot.api
Bot.notes,3750,notes,notes,3,https://Bot.notes
BotBroker.x,3750,x,x,9,https://BotBroker.x
Both.im,599,im,im,4,https://Both.im
BotPen.ai,3750,ai,ai,6,https://BotPen.ai
BotPen.co,3750,co,co,6,https://BotPen.co
Boulder.xrp,3750,xrp,xrp,7,https://Boulder.xrp
Brain.api,3750,api,api,5,https://Brain.api
Brainstorm.tel,3750,tel,tel,10,https://Brainstorm.tel
Brave.tel,3750,tel,tel,5,https://Brave.tel
BrokerBot.x,3750,x,x,9,https://BrokerBot.x
Browband.co,3750,co,co,8,https://Browband.co
Browband.tech,3750,tech,tech,8,https://Browband.tech
Browse.tel,3750,tel,tel,6,https://Browse.tel
Brunch.bot,3750,bot,bot,6,https://Brunch.bot
Burn.brave,500,brave,brave,4,https://Burn.brave
BusinessDevelopmentAI.com,3750,com,com,21,https://BusinessDevelopmentAI.com
Campaign.agt,3750,agt,agt,8,https://Campaign.agt
CampfireAgent.com,3750,com,com,13,https://CampfireAgent.com
CampingAgent.com,3750,com,com,12,https://CampingAgent.com
Canonical.bot,3750,bot,bot,9,https://Canonical.bot
Capitol.xrp,3750,xrp,xrp,7,https://Capitol.xrp
Cause.xrp,3750,xrp,xrp,5,https://Cause.xrp
CheapestAPI.com,3750,com,com,11,https://CheapestAPI.com
Checkout.ar,3750,ar,ar,8,https://Checkout.ar
Checkout.si,3750,si,si,8,https://Checkout.si
Chew.bot,3750,bot,bot,4,https://Chew.bot
ChewsMenu.com,3750,com,com,9,https://ChewsMenu.com
Chicago.si,3750,si,si,7,https://Chicago.si
Chief.si,3750,si,si,5,https://Chief.si
CleanEnergy.si,3750,si,si,11,https://CleanEnergy.si
ClimateChange.si,3750,si,si,13,https://ClimateChange.si
ClimateGear.com,3750,com,com,11,https://ClimateGear.com
Co.twin,3750,twin,twin,2,https://Co.twin
Code.twin,3750,twin,twin,4,https://Code.twin
Codecks.bot,3750,bot,bot,7,https://Codecks.bot
Cogno.si,3750,si,si,5,https://Cogno.si
Colony.si,3750,si,si,6,https://Colony.si
CommentAgent.com,3750,com,com,12,https://CommentAgent.com
Commission.agt,3750,agt,agt,10,https://Commission.agt
Confirmation.xrp,3750,xrp,xrp,12,https://Confirmation.xrp
Corag.xrp,3750,xrp,xrp,5,https://Corag.xrp
Cosign.agt,3750,agt,agt,6,https://Cosign.agt
Counsel.agt,3750,agt,agt,7,https://Counsel.agt
CoverLetter.cv,3750,cv,cv,11,https://CoverLetter.cv
Crime.xrp,3750,xrp,xrp,5,https://Crime.xrp
CRISPR.baby,3750,baby,baby,6,https://CRISPR.baby
CryptoDetroit.xyz,3750,xyz,xyz,13,https://CryptoDetroit.xyz
CtrlBrain.com,3750,com,com,9,https://CtrlBrain.com
Dan.moon,20000,moon,moon,3,https://Dan.moon
Dan.twin,3750,twin,twin,3,https://Dan.twin
DapAgent.com,3750,com,com,8,https://DapAgent.com
Data.api,3750,api,api,4,https://Data.api
DataEntry.agt,3750,agt,agt,9,https://DataEntry.agt
DearLord.ai,3750,ai,ai,8,https://DearLord.ai
DearLord.co,3750,co,co,8,https://DearLord.co
Decider.agt,3750,agt,agt,7,https://Decider.agt
Decoder.bot,23888,bot,bot,7,https://Decoder.bot
DeepCrew.agency,3750,agency,agency,8,https://DeepCrew.agency
Defensive.si,3750,si,si,9,https://Defensive.si
Delete.ar,3750,ar,ar,6,https://Delete.ar
Describe.bot,5888,bot,bot,8,https://Describe.bot
Description.bot,5888,bot,bot,11,https://Description.bot
Detection.xrp,0,xrp,xrp,9,https://Detection.xrp
Detective.agt,0,agt,agt,9,https://Detective.agt
DetLocker.com,3750,com,com,9,https://DetLocker.com
Detroit.c,3750,c,c,7,https://Detroit.c
Detroit.token,3750,token,token,7,https://Detroit.token
DetroitATM.com,3750,com,com,10,https://DetroitATM.com
DetroitBTC.com,3750,com,com,10,https://DetroitBTC.com
DetroitCrypto.xyz,3750,xyz,xyz,13,https://DetroitCrypto.xyz
DetroitETH.com,3750,com,com,10,https://DetroitETH.com
Devil.si,3750,si,si,5,https://Devil.si
Disobey.si,3750,si,si,7,https://Disobey.si
Distances.ai,29888,ai,ai,9,https://Distances.ai
DJT.locker,0,locker,locker,3,https://DJT.locker
DJT.tax,0,tax,tax,3,https://DJT.tax
DNA.skin,0,skin,skin,3,https://DNA.skin
DomainList.si,3750,si,si,10,https://DomainList.si
DomainSearch.si,3750,si,si,12,https://DomainSearch.si
DonorAgent.org,3750,org,org,10,https://DonorAgent.org
DotSIDomains.com,0,com,com,12,https://DotSIDomains.com
Double.u,0,u,u,6,https://Double.u
DrinkFreshOcean.com,3750,com,com,15,https://DrinkFreshOcean.com
DrinkOcean.com,3750,com,com,10,https://DrinkOcean.com
DrinkOceanWater.com,3750,com,com,15,https://DrinkOceanWater.com
DrinkOceanWater.org,3750,org,org,15,https://DrinkOceanWater.org
DriveThru.bot,23888,bot,bot,9,https://DriveThru.bot
Drop.moon,20000,moon,moon,4,https://Drop.moon
Dub.bot,94888,bot,bot,3,https://Dub.bot
Dude.ad,3750,ad,ad,4,https://Dude.ad
Duty.bot,3750,bot,bot,4,https://Duty.bot
DynamAgent.com,3750,com,com,10,https://DynamAgent.com
Dynamic.xrp,3750,xrp,xrp,7,https://Dynamic.xrp
Eastern.si,3750,si,si,7,https://Eastern.si
Ebony.si,3750,si,si,5,https://Ebony.si
EdgAgent.com,3750,com,com,8,https://EdgAgent.com
EEGHeadphones.com,3750,com,com,13,https://EEGHeadphones.com
EEGStream.com,3750,com,com,9,https://EEGStream.com
Else.bot,3750,bot,bot,4,https://Else.bot
Embed.tel,3750,tel,tel,5,https://Embed.tel
Embryo.solutions,3750,solutions,solutions,6,https://Embryo.solutions
EmbryoEdit.com,3750,com,com,10,https://EmbryoEdit.com
EmbryoEdits.com,3750,com,com,11,https://EmbryoEdits.com
EmergencyWaters.com,3750,com,com,15,https://EmergencyWaters.com
Erase.ar,3750,ar,ar,5,https://Erase.ar
Eraser.ar,3750,ar,ar,6,https://Eraser.ar
Estimator.agt,3750,agt,agt,9,https://Estimator.agt
Estoy.si,3750,si,si,5,https://Estoy.si
Ethics.si,3750,si,si,6,https://Ethics.si
ETHRadio.com,3750,com,com,8,https://ETHRadio.com
Expired.agt,3750,agt,agt,7,https://Expired.agt
Ext.ad,3750,ad,ad,3,https://Ext.ad
FaceSwap.ar,3750,ar,ar,8,https://FaceSwap.ar
Facial.bot,3750,bot,bot,6,https://Facial.bot
Fail.si,3750,si,si,4,https://Fail.si
FanCam.ar,3750,ar,ar,6,https://FanCam.ar
FanURL.com,3750,com,com,6,https://FanURL.com
Father.si,3750,si,si,6,https://Father.si
Fear.si,3750,si,si,4,https://Fear.si
Field.xrp,3750,xrp,xrp,5,https://Field.xrp
Flesh.si,3750,si,si,5,https://Flesh.si
Flood.bot,3750,bot,bot,5,https://Flood.bot
Flow.brave,500,brave,brave,4,https://Flow.brave
FlowzAgent.com,3750,com,com,10,https://FlowzAgent.com
Focus.tel,3750,tel,tel,5,https://Focus.tel
Focus.wave,3750,wave,wave,5,https://Focus.wave
FocusGroup.agt,3750,agt,agt,10,https://FocusGroup.agt
ForceAgentic.com,3750,com,com,12,https://ForceAgentic.com
Forecast.agt,3750,agt,agt,8,https://Forecast.agt
Foresight.agt,3750,agt,agt,9,https://Foresight.agt
Freight.si,3750,si,si,7,https://Freight.si
Frequencias.com,3750,com,com,11,https://Frequencias.com
FreshwaterAgent.com,3750,com,com,15,https://FreshwaterAgent.com
FullTimeAgents.com,3750,com,com,14,https://FullTimeAgents.com
FurloughAgent.com,3750,com,com,13,https://FurloughAgent.com
GarageSurplus.com,3750,com,com,13,https://GarageSurplus.com
GarageSurplus.net,3750,net,net,13,https://GarageSurplus.net
Gavin.si,3750,si,si,5,https://Gavin.si
Genetics.bot,64888,bot,bot,8,https://Genetics.bot
GenZ.dream,3750,dream,dream,4,https://GenZ.dream
GenZ.lfg,3750,lfg,lfg,4,https://GenZ.lfg
GenZ.pw,3750,pw,pw,4,https://GenZ.pw
Get.moon,20000,moon,moon,3,https://Get.moon
Gf.twin,3750,twin,twin,2,https://Gf.twin
Glmr.moon,3750,moon,moon,4,https://Glmr.moon
GMGM.pw,3750,pw,pw,4,https://GMGM.pw
GMGM.tea,3750,tea,tea,4,https://GMGM.tea
GMGN.pw,3750,pw,pw,4,https://GMGN.pw
GMGN.u,3750,u,u,4,https://GMGN.u
Gotch.pw,3750,pw,pw,5,https://Gotch.pw
Gotch.u,3750,u,u,5,https://Gotch.u
Govt.si,3750,si,si,4,https://Govt.si
Grandfather.si,3750,si,si,11,https://Grandfather.si
Greeter.bot,9888,bot,bot,7,https://Greeter.bot
Grypto.org,3750,org,org,6,https://Grypto.org
Gum.ad,3750,ad,ad,3,https://Gum.ad
Gutter.bot,9888,bot,bot,6,https://Gutter.bot
Harris.si,3750,si,si,6,https://Harris.si
Hear.si,3750,si,si,4,https://Hear.si
Heard.bot,5888,bot,bot,5,https://Heard.bot
HelpDesk.ar,3750,ar,ar,8,https://HelpDesk.ar
HNS.brave,500,brave,brave,3,https://HNS.brave
Hodl.moon,20000,moon,moon,4,https://Hodl.moon
Hold.moon,20000,moon,moon,4,https://Hold.moon
Holdm.xrp,3750,xrp,xrp,5,https://Holdm.xrp
Horse.si,3750,si,si,5,https://Horse.si
HostelAgent.com,3750,com,com,11,https://HostelAgent.com
Humanless.agency,3750,agency,agency,9,https://Humanless.agency
Humanoid.agt,3750,agt,agt,8,https://Humanoid.agt
Hunger.si,3750,si,si,6,https://Hunger.si
Impeach.ai,29888,ai,ai,7,https://Impeach.ai
Inbound.agt,3750,agt,agt,7,https://Inbound.agt
InfantAgent.com,3750,com,com,11,https://InfantAgent.com
Infinity.lfg,3750,lfg,lfg,8,https://Infinity.lfg
Inject.si,3750,si,si,6,https://Inject.si
Institution.xrp,3750,xrp,xrp,11,https://Institution.xrp
Institutional.xrp,3750,xrp,xrp,13,https://Institutional.xrp
InterfaceBot.com,15888,com,com,12,https://InterfaceBot.com
Interpreter.bot,9888,bot,bot,11,https://Interpreter.bot
Interviewer.agt,3750,agt,agt,11,https://Interviewer.agt
Inventory.agt,3750,agt,agt,9,https://Inventory.agt
InventoryTracking.ai,29888,ai,ai,17,https://InventoryTracking.ai
Ivory.si,3750,si,si,5,https://Ivory.si
Jagg.ai,59888,ai,ai,4,https://Jagg.ai
Jeet.moon,3750,moon,moon,4,https://Jeet.moon
Jesus.api,3750,api,api,5,https://Jesus.api
Jesus.follow,3750,follow,follow,5,https://Jesus.follow
JobTraining.ar,3750,ar,ar,11,https://JobTraining.ar
JSON.bot,5888,bot,bot,4,https://JSON.bot
KegPump.com,3750,com,com,7,https://KegPump.com
Keyword.bot,5888,bot,bot,7,https://Keyword.bot
Kitchen.im,3750,im,im,7,https://Kitchen.im
Kitty.si,3750,si,si,5,https://Kitty.si
LabServices.ai,29888,ai,ai,11,https://LabServices.ai
Lander.video,3750,video,video,6,https://Lander.video
Landing.moon,20000,moon,moon,7,https://Landing.moon
Landscape.bot,3750,bot,bot,9,https://Landscape.bot
Las-Vegas.xrp,3750,xrp,xrp,9,https://Las-Vegas.xrp
Launch.moon,20000,moon,moon,6,https://Launch.moon
LayoffAgent.com,3750,com,com,11,https://LayoffAgent.com
LazyJob.agency,3750,agency,agency,7,https://LazyJob.agency
LeadGen.agt,3750,agt,agt,7,https://LeadGen.agt
Loaner.bot,3750,bot,bot,6,https://Loaner.bot
Locate.ar,3750,ar,ar,6,https://Locate.ar
Logger.xrp,3750,xrp,xrp,6,https://Logger.xrp
Lookup.xrp,3750,xrp,xrp,6,https://Lookup.xrp
LotoBots.com,3750,com,com,8,https://LotoBots.com
LottaBots.com,3750,com,com,9,https://LottaBots.com
Man.moon,20000,moon,moon,3,https://Man.moon
Marina.bot,23888,bot,bot,6,https://Marina.bot
Marker.now,23888,now,now,6,https://Marker.now
Med.tax,3750,tax,tax,3,https://Med.tax
Meditate.ar,9888,ar,ar,8,https://Meditate.ar
Meme.horse,9888,horse,horse,4,https://Meme.horse
Memo.bot,3750,bot,bot,4,https://Memo.bot
Menu.beer,3750,beer,beer,4,https://Menu.beer
MenuAgent.com,3750,com,com,9,https://MenuAgent.com
Mesh.brave,500,brave,brave,4,https://Mesh.brave
Metatag.bot,5888,bot,bot,7,https://Metatag.bot
Migrate.xrp,3750,xrp,xrp,7,https://Migrate.xrp
Mind.wave,3750,wave,wave,4,https://Mind.wave
Minus.ar,3750,ar,ar,5,https://Minus.ar
ModelTrainer.ai,29888,ai,ai,12,https://ModelTrainer.ai
Moderator.agt,3750,agt,agt,9,https://Moderator.agt
Moon.homes,3750,homes,homes,4,https://Moon.homes
MrsBad.com,3750,com,com,6,https://MrsBad.com
Muse.api,3750,api,api,4,https://Muse.api
Mutant.si,3750,si,si,6,https://Mutant.si
Myo.bot,3750,bot,bot,3,https://Myo.bot
NavalRobot.com,3750,com,com,10,https://NavalRobot.com
Negotiate.agt,3750,agt,agt,9,https://Negotiate.agt
Neura.tel,3750,tel,tel,5,https://Neura.tel
Neuro.api,3750,api,api,5,https://Neuro.api
Neuro.wave,3750,wave,wave,5,https://Neuro.wave
NeurotechData.com,3750,com,com,13,https://NeurotechData.com
Never.bot,5888,bot,bot,5,https://Never.bot
Newsom.si,3750,si,si,6,https://Newsom.si
NGOAgent.com,3750,com,com,8,https://NGOAgent.com
Nigeria.si,3750,si,si,7,https://Nigeria.si
NightMode.ar,3750,ar,ar,9,https://NightMode.ar
Nightspex.com,3750,com,com,9,https://Nightspex.com
Nightvision.ai,122888,ai,ai,11,https://Nightvision.ai
Nightvision.ar,12888,ar,ar,11,https://Nightvision.ar
Nightvision.cv,12888,cv,cv,11,https://Nightvision.cv
Nightvision.si,12888,si,si,11,https://Nightvision.si
Nlink.tel,12888,tel,tel,5,https://Nlink.tel
Nope.bot,5888,bot,bot,4,https://Nope.bot
Northern.xrp,3750,xrp,xrp,8,https://Northern.xrp
NoSQL.bot,5888,bot,bot,5,https://NoSQL.bot
Notify.tel,3750,tel,tel,6,https://Notify.tel
Nuclear.si,3750,si,si,7,https://Nuclear.si
O.damn,3750,damn,damn,1,https://O.damn
Obey.si,3750,si,si,4,https://Obey.si
Objective.si,3750,si,si,9,https://Objective.si
OceanFreshWater.org,3750,org,org,15,https://OceanFreshWater.org
OhioPets.org,250,org,org,8,https://OhioPets.org
OIR.ai,59888,ai,ai,3,https://OIR.ai
Omit.si,3750,si,si,4,https://Omit.si
Open.src,3750,src,src,4,https://Open.src
Operate.si,3750,si,si,7,https://Operate.si
Order.si,3750,si,si,5,https://Order.si
Organ.bot,64888,bot,bot,5,https://Organ.bot
Origin.si,3750,si,si,6,https://Origin.si
Outbound.agt,3750,agt,agt,8,https://Outbound.agt
Outreach.agt,3750,agt,agt,8,https://Outreach.agt
P.wave,3750,wave,wave,1,https://P.wave
P3tal.com,3750,com,com,5,https://P3tal.com
Pacific.si,3750,si,si,7,https://Pacific.si
Pad.moon,20000,moon,moon,3,https://Pad.moon
Pareto.bot,3750,bot,bot,6,https://Pareto.bot
Pause.tel,3750,tel,tel,5,https://Pause.tel
Payouts.xrp,3750,xrp,xrp,7,https://Payouts.xrp
PDFCapture.com,3750,com,com,10,https://PDFCapture.com
Perceiver.bot,23888,bot,bot,9,https://Perceiver.bot
Petal.api,3750,api,api,5,https://Petal.api
Petal.js,3750,js,js,5,https://Petal.js
Pilot.ad,3750,ad,ad,5,https://Pilot.ad
Pitch.ar,3750,ar,ar,5,https://Pitch.ar
Pitch.xrp,3750,xrp,xrp,5,https://Pitch.xrp
Please.u,3750,u,u,6,https://Please.u
Poopy.domains,3750,domains,domains,5,https://Poopy.domains
Porj.ai,29888,ai,ai,4,https://Porj.ai
Porm.ai,29888,ai,ai,4,https://Porm.ai
PostPilot.si,3750,si,si,9,https://PostPilot.si
Pot.bet,3750,bet,bet,3,https://Pot.bet
POV.mx,3750,mx,mx,3,https://POV.mx
Predictor.bot,3750,bot,bot,9,https://Predictor.bot
PregnantCravings.com,3750,com,com,16,https://PregnantCravings.com
Prem.bot,5888,bot,bot,4,https://Prem.bot
Preseed.si,3750,si,si,7,https://Preseed.si
Pricing.agt,3750,agt,agt,7,https://Pricing.agt
PrimaryVoting.com,3750,com,com,13,https://PrimaryVoting.com
Problem.agt,3750,agt,agt,7,https://Problem.agt
PromoCode.agt,3750,agt,agt,9,https://PromoCode.agt
Propaganda.bot,3750,bot,bot,10,https://Propaganda.bot
Proposal.agt,3750,agt,agt,8,https://Proposal.agt
Prorate.ai,59888,ai,ai,7,https://Prorate.ai
Prot.bot,5888,bot,bot,4,https://Prot.bot
PureOceanWater.org,3750,org,org,14,https://PureOceanWater.org
Purple.moon,5000,moon,moon,6,https://Purple.moon
QTL.ai,59888,ai,ai,3,https://QTL.ai
Qualifier.agt,3750,agt,agt,9,https://Qualifier.agt
Qualify.agt,3750,agt,agt,7,https://Qualify.agt
Quan.bot,3750,bot,bot,4,https://Quan.bot
Quan.si,3750,si,si,4,https://Quan.si
Query.xrp,3750,xrp,xrp,5,https://Query.xrp
Quest.xrp,3750,xrp,xrp,5,https://Quest.xrp
Question.si,3750,si,si,8,https://Question.si
RAG.vc,3750,vc,vc,3,https://RAG.vc
ReadStream.cc,3750,cc,cc,10,https://ReadStream.cc
Reasoning.agt,3750,agt,agt,9,https://Reasoning.agt
Receipt.agt,3750,agt,agt,7,https://Receipt.agt
Recruiter.agt,3750,agt,agt,9,https://Recruiter.agt
Reflect.tel,3750,tel,tel,7,https://Reflect.tel
Reformat.bot,5888,bot,bot,8,https://Reformat.bot
Region.xrp,3750,xrp,xrp,6,https://Region.xrp
Remember.ar,3750,ar,ar,8,https://Remember.ar
Reminder.agt,3750,agt,agt,8,https://Reminder.agt
RemoteControl.ar,3750,ar,ar,13,https://RemoteControl.ar
Remove.ar,3750,ar,ar,6,https://Remove.ar
Renewals.agt,3750,agt,agt,8,https://Renewals.agt
Rep.twin,3750,twin,twin,3,https://Rep.twin
Replace.tel,3750,tel,tel,7,https://Replace.tel
Repo.brave,500,brave,brave,4,https://Repo.brave
Reps.bot,3750,bot,bot,4,https://Reps.bot
Reps.twin,3750,twin,twin,4,https://Reps.twin
Rerun.events,3750,events,events,5,https://Rerun.events
Resource.agt,3750,agt,agt,8,https://Resource.agt
Reticle.tel,3750,tel,tel,7,https://Reticle.tel
Rewind.tel,3750,tel,tel,6,https://Rewind.tel
RiverNorthAgent.com,3750,com,com,15,https://RiverNorthAgent.com
Robot.cv,3750,cv,cv,5,https://Robot.cv
RobotaxiTV.com,3750,com,com,10,https://RobotaxiTV.com
Robotic.agt,3750,agt,agt,7,https://Robotic.agt
Robotic.trading,3750,trading,trading,7,https://Robotic.trading
RobotJury.com,3750,com,com,9,https://RobotJury.com
Rows.bot,5888,bot,bot,4,https://Rows.bot
Rummy.xrp,3750,xrp,xrp,5,https://Rummy.xrp
Sailor.bot,3750,bot,bot,6,https://Sailor.bot
SanitationAgent.com,3750,com,com,15,https://SanitationAgent.com
SaveCrew.com,3750,com,com,8,https://SaveCrew.com
SaveMore.ai,29888,ai,ai,8,https://SaveMore.ai
Scheduler.agt,3750,agt,agt,9,https://Scheduler.agt
Scrape.agt,3750,agt,agt,6,https://Scrape.agt
Seattle.si,3750,si,si,7,https://Seattle.si
Semi.bot,3750,bot,bot,4,https://Semi.bot
Senate.xrp,3750,xrp,xrp,6,https://Senate.xrp
Setting.bot,3750,bot,bot,7,https://Setting.bot
Shake.tel,3750,tel,tel,5,https://Shake.tel
Shib.u,3750,u,u,4,https://Shib.u
Shpp.ing,3750,ing,ing,4,https://Shpp.ing
SIDomain.directory,3750,directory,directory,8,https://SIDomain.directory
SIDomains.si,3750,si,si,9,https://SIDomains.si
Sign.moon,20000,moon,moon,4,https://Sign.moon
SignalData.ai,29888,ai,ai,10,https://SignalData.ai
SilverCoins.eth,3750,eth,eth,11,https://SilverCoins.eth
Sim.hub,1200,hub,hub,3,https://Sim.hub
SleepEng.com,3750,com,com,8,https://SleepEng.com
SlideshowAgent.com,3750,com,com,14,https://SlideshowAgent.com
SocialSecurity.xrp,3750,xrp,xrp,14,https://SocialSecurity.xrp
SolanaDetroit.com,3750,com,com,13,https://SolanaDetroit.com
Solutions.xrp,3750,xrp,xrp,9,https://Solutions.xrp
Sophie.si,3750,si,si,6,https://Sophie.si
Southern.xrp,3750,xrp,xrp,8,https://Southern.xrp
Soviet.si,3750,si,si,6,https://Soviet.si
SpaceRace.ai,29888,ai,ai,9,https://SpaceRace.ai
Speaker.tel,3750,tel,tel,7,https://Speaker.tel
Spend.ad,3750,ad,ad,5,https://Spend.ad
Spend.tel,3750,tel,tel,5,https://Spend.tel
Split.xrp,3750,xrp,xrp,5,https://Split.xrp
Sprinkle.bot,3750,bot,bot,8,https://Sprinkle.bot
Src.bot,3750,bot,bot,3,https://Src.bot
State.xrp,3750,xrp,xrp,5,https://State.xrp
Strip.mx,3750,mx,mx,5,https://Strip.mx
Stroller.bot,3750,bot,bot,8,https://Stroller.bot
Subtitle.ar,3750,ar,ar,8,https://Subtitle.ar
Summarize.agt,3750,agt,agt,9,https://Summarize.agt
Summon.si,9888,si,si,6,https://Summon.si
Summon.tel,3750,tel,tel,6,https://Summon.tel
SunshineMines.com,3750,com,com,13,https://SunshineMines.com
Superintelligence.domains,3750,domains,domains,17,https://Superintelligence.domains
Superior.bot,3750,bot,bot,8,https://Superior.bot
Supervisor.agt,3750,agt,agt,10,https://Supervisor.agt
Supervisor.bot,23888,bot,bot,10,https://Supervisor.bot
Swarmfare.com,3750,com,com,9,https://Swarmfare.com
SwarmingIT.com,3750,com,com,10,https://SwarmingIT.com
Syntax.bot,9888,bot,bot,6,https://Syntax.bot
Tariff.agt,3750,agt,agt,6,https://Tariff.agt
Tariff.xrp,3750,xrp,xrp,6,https://Tariff.xrp
Telbar.xyz,3750,xyz,xyz,6,https://Telbar.xyz
Telepath.si,3750,si,si,8,https://Telepath.si
Telepathic.ai,104888,ai,ai,10,https://Telepathic.ai
Telepathic.dev,3750,dev,dev,10,https://Telepathic.dev
Telepathic.si,3750,si,si,10,https://Telepathic.si
Telepathy.si,3750,si,si,9,https://Telepathy.si
Thermo.bot,5888,bot,bot,6,https://Thermo.bot
Throw.bot,3750,bot,bot,5,https://Throw.bot
Thru.bot,3750,bot,bot,4,https://Thru.bot
Timer.tel,3750,tel,tel,5,https://Timer.tel
Timesheet.agt,3750,agt,agt,9,https://Timesheet.agt
TokenSwap.bot,9888,bot,bot,9,https://TokenSwap.bot
Top.twin,3750,twin,twin,3,https://Top.twin
Trainer.xrp,3750,xrp,xrp,7,https://Trainer.xrp
Tranquility.si,3750,si,si,11,https://Tranquility.si
Transplant.bot,3750,bot,bot,10,https://Transplant.bot
Treaty.si,3750,si,si,6,https://Treaty.si
Tuition.xrp,3750,xrp,xrp,7,https://Tuition.xrp
TutoAgent.com,3750,com,com,9,https://TutoAgent.com
Tutor.xrp,3750,xrp,xrp,5,https://Tutor.xrp
Tutorial.agt,3750,agt,agt,8,https://Tutorial.agt
UITransform.com,23888,com,com,11,https://UITransform.com
Ultrapremium.bot,23888,bot,bot,12,https://Ultrapremium.bot
Under.bot,3750,bot,bot,5,https://Under.bot
Unplug.si,3750,si,si,6,https://Unplug.si
UNW.ai,59888,ai,ai,3,https://UNW.ai
USDC.si,3750,si,si,4,https://USDC.si
USDC.tax,3750,tax,tax,4,https://USDC.tax
UWL.ai,59888,ai,ai,3,https://UWL.ai
UXResearch.agt,3750,agt,agt,10,https://UXResearch.agt
Valley.bot,3750,bot,bot,6,https://Valley.bot
Veto.bot,3750,bot,bot,4,https://Veto.bot
Vocal.tel,3750,tel,tel,5,https://Vocal.tel
VoicemailAgent.com,3750,com,com,14,https://VoicemailAgent.com
Volume.tel,3750,tel,tel,6,https://Volume.tel
Voto.si,3750,si,si,4,https://Voto.si
VRBCI.dev,3750,dev,dev,5,https://VRBCI.dev
Wait.si,3750,si,si,4,https://Wait.si
Walz.si,3750,si,si,4,https://Walz.si
Wax.moon,12888,moon,moon,3,https://Wax.moon
WeatherRobots.com,3750,com,com,13,https://WeatherRobots.com
Wetware.si,3750,si,si,7,https://Wetware.si
Whom.bot,5888,bot,bot,4,https://Whom.bot
Wireframe.bot,3750,bot,bot,9,https://Wireframe.bot
WLF.cx,3750,cx,cx,3,https://WLF.cx
WLT.moon,20000,moon,moon,3,https://WLT.moon
Yor.cash,3750,cash,cash,3,https://Yor.cash
Yor.exchange,3750,exchange,exchange,3,https://Yor.exchange
Zone.im,3750,im,im,4,https://Zone.im
